global_steps,episode,winrate,avg_return
500,417,0.3554,-0.1323
1000,839,0.3682,-0.0982
1000,833,0.353,-0.1307
2000,1677,0.3798,-0.0843
3000,2543,0.3904,-0.0594
1000,833,0.353,-0.1307
2000,1677,0.3798,-0.0843
3000,2543,0.3904,-0.0594
1000,833,0.353,-0.1307
2000,1677,0.3798,-0.0843
3000,2543,0.3904,-0.0594
5000,4224,0.3834,-0.0648
5000,4224,0.3834,-0.0648
10000,8435,0.3832,-0.0733
15000,12617,0.352,-0.1191
20000,16774,0.334,-0.1569
25000,20977,0.3456,-0.1362
30000,25240,0.331,-0.1579
35000,29493,0.3228,-0.181
40000,33680,0.3224,-0.1867
45000,37891,0.2992,-0.2414
50000,42083,0.3098,-0.227
55000,46225,0.276,-0.3106
60000,50469,0.2674,-0.3189
65000,54621,0.2388,-0.3827
70000,58780,0.2314,-0.4059
75000,62928,0.203,-0.4754
80000,66940,0.2034,-0.4694
85000,71122,0.1916,-0.4859
90000,75219,0.1964,-0.4857
95000,79339,0.1758,-0.5261
100000,83460,0.193,-0.4876
105000,87541,0.1526,-0.5834
110000,91672,0.1668,-0.547
115000,95832,0.1348,-0.6204
120000,99855,0.1466,-0.5878
130000,103203,0.138,-0.6233
150000,24499,0.1304,-0.6273
160000,32690,0.1336,-0.6207
170000,40866,0.1248,-0.6402
180000,48987,0.1278,-0.6349
190000,57114,0.1256,-0.6423
200000,65103,0.1278,-0.633
210000,73188,0.1302,-0.6314
220000,81208,0.1268,-0.638
230000,89160,0.134,-0.6273
240000,97120,0.1336,-0.63
250000,105049,0.1288,-0.6281
260000,113024,0.125,-0.6405
270000,120857,0.1268,-0.6359
280000,128817,0.1324,-0.6253
290000,136732,0.1202,-0.6438
300000,144665,0.1276,-0.6344
310000,152392,0.1266,-0.6467
320000,160196,0.133,-0.6255
330000,167993,0.132,-0.6257
340000,175682,0.1358,-0.6139
350000,183563,0.1302,-0.6278
360000,191348,0.1358,-0.6165
370000,199029,0.131,-0.6274
380000,7647,0.1334,-0.6324
390000,15255,0.1302,-0.6409
400000,22878,0.1356,-0.621
410000,30453,0.138,-0.6175
420000,38039,0.1218,-0.6437
430000,45506,0.1306,-0.6252
440000,53015,0.1546,-0.582
450000,60362,0.14,-0.6133
460000,67897,0.13,-0.6329
470000,75331,0.1388,-0.6221
480000,82674,0.1412,-0.6151
490000,90119,0.1322,-0.6267
500000,97556,0.1436,-0.6042
510000,104953,0.1416,-0.6148
520000,112300,0.14,-0.6187
530000,119661,0.1536,-0.5848
540000,127017,0.1464,-0.5964
550000,134360,0.1476,-0.5983
560000,141553,0.155,-0.5886
570000,148859,0.1574,-0.5816
580000,156099,0.1472,-0.5946
590000,163263,0.1574,-0.573
600000,170403,0.1624,-0.5646
610000,177591,0.1576,-0.5862
620000,184774,0.1734,-0.5502
630000,191886,0.1898,-0.5113
640000,198974,0.1638,-0.5803
650000,7066,0.1846,-0.5287
660000,14165,0.164,-0.5771
670000,21286,0.182,-0.5308
680000,28405,0.1616,-0.5794
690000,35405,0.1824,-0.5213
700000,42371,0.1782,-0.5333
710000,49368,0.195,-0.4984
720000,56242,0.181,-0.5237
730000,63133,0.18,-0.5215
740000,70053,0.1848,-0.5199
750000,76914,0.1604,-0.568
760000,83864,0.1788,-0.5243
770000,90633,0.164,-0.5618
780000,97368,0.166,-0.5477
790000,104164,0.1622,-0.5595
800000,110932,0.1872,-0.4912
810000,117851,0.1768,-0.52
820000,124749,0.1782,-0.5078
830000,131532,0.167,-0.5426
840000,138339,0.2,-0.4758
850000,145118,0.1616,-0.5525
860000,151847,0.1938,-0.484
870000,158470,0.1906,-0.4817
880000,165104,0.1492,-0.585
890000,171731,0.167,-0.5396
900000,178334,0.16,-0.5632
910000,184908,0.1862,-0.5039
920000,191448,0.1966,-0.4757
930000,197998,0.2004,-0.4694
940000,204483,0.1614,-0.5656
950000,211032,0.168,-0.5495
960000,217586,0.2158,-0.448
970000,224193,0.1616,-0.5686
980000,230653,0.1866,-0.5107
990000,237190,0.1864,-0.5117
1000000,243681,0.1736,-0.5408
1010000,250153,0.1824,-0.527
1020000,256607,0.1322,-0.6378
1030000,263029,0.1774,-0.5273
1040000,269446,0.1816,-0.5305
1050000,275775,0.144,-0.6115
1060000,282311,0.1772,-0.529
1070000,288689,0.1904,-0.4949
1080000,295100,0.217,-0.4392
1090000,301432,0.1412,-0.6054
1100000,307817,0.1992,-0.4779
1110000,314015,0.1506,-0.5895
1120000,320251,0.168,-0.5548
1130000,326564,0.2108,-0.4556
1140000,332933,0.1712,-0.541
1150000,339108,0.1682,-0.546
1160000,345275,0.1658,-0.5542
1170000,351468,0.1632,-0.5559
1180000,357701,0.181,-0.5212
1190000,363954,0.1382,-0.6154
1200000,370217,0.21,-0.45
1210000,376360,0.1934,-0.4934
1220000,382530,0.1684,-0.5508
1230000,388610,0.2084,-0.4534
1240000,394685,0.2156,-0.4492
1250000,400656,0.2142,-0.4498
1260000,406751,0.1908,-0.4981
1270000,412918,0.1948,-0.4912
1280000,419003,0.1512,-0.5826
1290000,425132,0.2016,-0.4767
1300000,431173,0.1386,-0.6151
1310000,437193,0.2052,-0.4635
1320000,443143,0.1474,-0.5979
1330000,449204,0.2312,-0.404
1340000,455176,0.1854,-0.5098
1350000,461187,0.1692,-0.554
1360000,467148,0.1784,-0.5285
1370000,473037,0.1436,-0.6101
1380000,478962,0.2384,-0.3961
1390000,484810,0.2242,-0.423
1400000,490664,0.1582,-0.5668
1410000,496508,0.1894,-0.5031
1420000,502324,0.2176,-0.4373
1430000,508085,0.2092,-0.459
1440000,514033,0.2214,-0.4257
1450000,519830,0.1994,-0.4797
1460000,525527,0.2014,-0.4737
1470000,531273,0.2136,-0.4539
1480000,536956,0.1708,-0.5489
1490000,542622,0.151,-0.5934
1500000,548312,0.1918,-0.5095
1510000,553967,0.1448,-0.6031
1520000,559529,0.1646,-0.5547
1530000,565070,0.1906,-0.4905
1540000,570687,0.1422,-0.6123
1550000,576354,0.1512,-0.5795
1560000,582027,0.1602,-0.5745
1570000,587573,0.2042,-0.4818
1580000,593120,0.1848,-0.5011
1590000,598726,0.2058,-0.4648
1600000,604207,0.216,-0.4492
1610000,609722,0.2088,-0.4572
1620000,615229,0.1498,-0.5945
1630000,620773,0.184,-0.5107
1640000,626319,0.1532,-0.5824
1650000,631852,0.158,-0.5743
1660000,637210,0.1794,-0.5185
1670000,642780,0.19,-0.5019
1680000,648277,0.1682,-0.5529
1690000,653741,0.2076,-0.4608
1700000,659153,0.1828,-0.5111
1710000,664567,0.1704,-0.5398
1720000,669812,0.1966,-0.4862
1730000,675193,0.1874,-0.49
1740000,680483,0.2112,-0.4582
1750000,685756,0.2046,-0.4612
1760000,691059,0.194,-0.4899
1770000,696426,0.1898,-0.4957
1780000,701736,0.1504,-0.5812
1790000,706974,0.1998,-0.4782
1800000,712233,0.1836,-0.5086
1810000,717463,0.1926,-0.5005
1820000,722749,0.2128,-0.4564
1830000,727947,0.2104,-0.4521
1840000,733127,0.2208,-0.4363
1850000,738253,0.2144,-0.4455
1860000,743399,0.1924,-0.4919
1870000,748444,0.1706,-0.5513
1880000,753573,0.1918,-0.4921
1890000,758629,0.1506,-0.5936
1900000,763735,0.2188,-0.4335
1910000,768782,0.1886,-0.4962
1920000,773848,0.158,-0.5763
1930000,778961,0.1792,-0.5214
1940000,784013,0.1608,-0.557
1950000,789038,0.1986,-0.4868
1960000,794006,0.1448,-0.605
1970000,798978,0.2084,-0.4538
1980000,803995,0.194,-0.4909
1990000,808900,0.2138,-0.4509
2000000,813851,0.223,-0.4271
2010000,818801,0.1672,-0.5411
2020000,823767,0.1964,-0.4806
2030000,828653,0.1366,-0.6236
2040000,833595,0.1788,-0.5253
2050000,838523,0.1348,-0.6249
2060000,843361,0.1782,-0.5195
2070000,848315,0.2182,-0.4404
2080000,853221,0.176,-0.5349
2090000,858184,0.171,-0.5388
2100000,863061,0.2148,-0.4508
2110000,868022,0.1996,-0.4732
2120000,872893,0.1714,-0.5376
2130000,877875,0.1788,-0.5217
2140000,882792,0.1976,-0.4706
2150000,887689,0.1956,-0.4871
2160000,892638,0.201,-0.4574
2170000,897574,0.177,-0.5271
2180000,902638,0.1756,-0.5229
2190000,907469,0.1538,-0.5872
2200000,912369,0.1984,-0.4735
2210000,917234,0.182,-0.501
2220000,922136,0.1434,-0.5986
2230000,927073,0.201,-0.472
2240000,932075,0.1534,-0.5787
2250000,936938,0.1868,-0.4955
2260000,941866,0.1974,-0.4853
2270000,946780,0.1852,-0.5037
2280000,951638,0.2024,-0.4728
2290000,956493,0.187,-0.5004
2300000,961422,0.1824,-0.5122
2310000,966311,0.1678,-0.556
2320000,971201,0.1968,-0.479
2330000,976159,0.1224,-0.6463
2340000,981077,0.1994,-0.4704
2350000,985929,0.1634,-0.5604
2360000,990858,0.1592,-0.5649
2370000,995741,0.182,-0.5086
2380000,5046,0.189,-0.5033
